{
    "train": {
        "train_runtime": 59.0609,
        "train_samples_per_second": 84.658,
        "train_steps_per_second": 2.658,
        "total_flos": 773998510080000.0,
        "train_loss": 0.15964169107424986,
        "epoch": 1.0
    },
    "eval": {
        "eval_loss": 6.172555731609464e-05,
        "eval_runtime": 2.6925,
        "eval_samples_per_second": 297.121,
        "eval_steps_per_second": 9.285,
        "epoch": 1.0
    }
}