{
    "train": {
        "train_runtime": 59.0783,
        "train_samples_per_second": 84.633,
        "train_steps_per_second": 2.657,
        "total_flos": 773998510080000.0,
        "train_loss": 0.353301613194168,
        "epoch": 1.0
    },
    "eval": {
        "eval_loss": 0.006457446608692408,
        "eval_runtime": 2.6933,
        "eval_samples_per_second": 297.031,
        "eval_steps_per_second": 9.282,
        "epoch": 1.0
    }
}