{
    "train": {
        "train_runtime": 90.4612,
        "train_samples_per_second": 55.272,
        "train_steps_per_second": 1.736,
        "total_flos": 1164914204160000.0,
        "train_loss": 0.7085895416842904,
        "epoch": 1.0
    },
    "eval": {
        "eval_loss": 0.6932417154312134,
        "eval_accuracy": 0.4925,
        "eval_runtime": 4.4026,
        "eval_samples_per_second": 181.711,
        "eval_steps_per_second": 5.678,
        "epoch": 1.0
    }
}