{
    "train": {
        "train_runtime": 98.3226,
        "train_samples_per_second": 50.853,
        "train_steps_per_second": 1.597,
        "total_flos": 1165025541120000.0,
        "train_loss": 5.990030665306529,
        "epoch": 1.0
    },
    "eval": {
        "eval_loss": 4.660417556762695,
        "eval_runtime": 4.4796,
        "eval_samples_per_second": 178.586,
        "eval_steps_per_second": 5.581,
        "epoch": 1.0
    }
}