{
    "train": {
        "train_runtime": 98.4361,
        "train_samples_per_second": 50.794,
        "train_steps_per_second": 1.595,
        "total_flos": 1165025541120000.0,
        "train_loss": 5.8618696662271095,
        "epoch": 1.0
    },
    "eval": {
        "eval_loss": 4.780981063842773,
        "eval_runtime": 4.4807,
        "eval_samples_per_second": 178.545,
        "eval_steps_per_second": 5.58,
        "epoch": 1.0
    }
}