{
    "train": {
        "train_runtime": 98.4635,
        "train_samples_per_second": 50.78,
        "train_steps_per_second": 1.594,
        "total_flos": 1165025541120000.0,
        "train_loss": 6.88974329468551,
        "epoch": 1.0
    },
    "eval": {
        "eval_loss": 5.929994106292725,
        "eval_runtime": 4.4856,
        "eval_samples_per_second": 178.35,
        "eval_steps_per_second": 5.573,
        "epoch": 1.0
    }
}