{
    "train": {
        "train_runtime": 90.5215,
        "train_samples_per_second": 55.236,
        "train_steps_per_second": 1.734,
        "total_flos": 1164914204160000.0,
        "train_loss": 0.46073903855244824,
        "epoch": 1.0
    },
    "eval": {
        "eval_loss": 0.3131791055202484,
        "eval_accuracy": 0.87,
        "eval_runtime": 4.4031,
        "eval_samples_per_second": 181.689,
        "eval_steps_per_second": 5.678,
        "epoch": 1.0
    }
}