{
    "train": {
        "train_runtime": 90.5694,
        "train_samples_per_second": 55.206,
        "train_steps_per_second": 1.733,
        "total_flos": 1164914204160000.0,
        "train_loss": 0.7061436647062849,
        "epoch": 1.0
    },
    "eval": {
        "eval_loss": 0.692962646484375,
        "eval_accuracy": 0.5075,
        "eval_runtime": 4.3987,
        "eval_samples_per_second": 181.872,
        "eval_steps_per_second": 5.684,
        "epoch": 1.0
    }
}