{
    "train": {
        "train_runtime": 90.6106,
        "train_samples_per_second": 55.181,
        "train_steps_per_second": 1.733,
        "total_flos": 1164914204160000.0,
        "train_loss": 0.7034664761488605,
        "epoch": 1.0
    },
    "eval": {
        "eval_loss": 0.6930511593818665,
        "eval_accuracy": 0.5075,
        "eval_runtime": 4.4078,
        "eval_samples_per_second": 181.494,
        "eval_steps_per_second": 5.672,
        "epoch": 1.0
    }
}