{
    "train": {
        "train_runtime": 90.4377,
        "train_samples_per_second": 55.287,
        "train_steps_per_second": 1.736,
        "total_flos": 1164914204160000.0,
        "train_loss": 0.473983959027916,
        "epoch": 1.0
    },
    "eval": {
        "eval_loss": 0.3318447172641754,
        "eval_accuracy": 0.86375,
        "eval_runtime": 4.4036,
        "eval_samples_per_second": 181.671,
        "eval_steps_per_second": 5.677,
        "epoch": 1.0
    }
}