{
    "train": {
        "train_runtime": 98.3346,
        "train_samples_per_second": 50.847,
        "train_steps_per_second": 1.597,
        "total_flos": 1165025541120000.0,
        "train_loss": 3.0774120160728504,
        "epoch": 1.0
    },
    "eval": {
        "eval_loss": 1.0993475914001465,
        "eval_runtime": 4.4838,
        "eval_samples_per_second": 178.42,
        "eval_steps_per_second": 5.576,
        "epoch": 1.0
    }
}