{
    "train": {
        "train_runtime": 98.5421,
        "train_samples_per_second": 50.74,
        "train_steps_per_second": 1.593,
        "total_flos": 1165025541120000.0,
        "train_loss": 3.57189163888336,
        "epoch": 1.0
    },
    "eval": {
        "eval_loss": 1.4630751609802246,
        "eval_runtime": 4.4819,
        "eval_samples_per_second": 178.495,
        "eval_steps_per_second": 5.578,
        "epoch": 1.0
    }
}