{
    "train": {
        "train_runtime": 98.974,
        "train_samples_per_second": 50.518,
        "train_steps_per_second": 1.586,
        "total_flos": 1165025541120000.0,
        "train_loss": 5.841700074019705,
        "epoch": 1.0
    },
    "eval": {
        "eval_loss": 3.3838369846343994,
        "eval_runtime": 4.4817,
        "eval_samples_per_second": 178.503,
        "eval_steps_per_second": 5.578,
        "epoch": 1.0
    }
}