{
    "train": {
        "train_runtime": 109.6881,
        "train_samples_per_second": 45.584,
        "train_steps_per_second": 1.431,
        "total_flos": 1160875868160000.0,
        "train_loss": 7.5914306640625,
        "epoch": 1.0
    },
    "eval": {
        "eval_loss": 7.472900867462158,
        "eval_runtime": 5.253,
        "eval_samples_per_second": 152.293,
        "eval_steps_per_second": 4.759,
        "epoch": 1.0
    }
}