{
    "train": {
        "train_runtime": 96.6781,
        "train_samples_per_second": 51.718,
        "train_steps_per_second": 1.624,
        "total_flos": 1160883732480000.0,
        "train_loss": 0.5698677111583151,
        "epoch": 1.0
    },
    "eval": {
        "eval_loss": 0.47652825713157654,
        "eval_accuracy": 0.785,
        "eval_runtime": 4.8579,
        "eval_samples_per_second": 164.679,
        "eval_steps_per_second": 5.146,
        "epoch": 1.0
    }
}