{
    "train": {
        "train_runtime": 109.5983,
        "train_samples_per_second": 45.621,
        "train_steps_per_second": 1.433,
        "total_flos": 1160875868160000.0,
        "train_loss": 3.3252757856041004,
        "epoch": 1.0
    },
    "eval": {
        "eval_loss": 3.197718620300293,
        "eval_runtime": 5.2515,
        "eval_samples_per_second": 152.336,
        "eval_steps_per_second": 4.761,
        "epoch": 1.0
    }
}