{
    "train": {
        "train_runtime": 96.6618,
        "train_samples_per_second": 51.727,
        "train_steps_per_second": 1.624,
        "total_flos": 1160883732480000.0,
        "train_loss": 0.702707618664784,
        "epoch": 1.0
    },
    "eval": {
        "eval_loss": 0.693747878074646,
        "eval_accuracy": 0.4925,
        "eval_runtime": 4.8643,
        "eval_samples_per_second": 164.462,
        "eval_steps_per_second": 5.139,
        "epoch": 1.0
    }
}