{
    "train": {
        "train_runtime": 109.6223,
        "train_samples_per_second": 45.611,
        "train_steps_per_second": 1.432,
        "total_flos": 1160875868160000.0,
        "train_loss": 7.102012682872213,
        "epoch": 1.0
    },
    "eval": {
        "eval_loss": 6.585098743438721,
        "eval_runtime": 5.2648,
        "eval_samples_per_second": 151.952,
        "eval_steps_per_second": 4.749,
        "epoch": 1.0
    }
}