{
    "GPT2-medium_sparsity_0%": 1377.5430603027344,
    "GPT2-medium_sparsity_10.0%": 1377.5430603027344,
    "GPT2-medium_sparsity_50.0%": 1377.5430603027344,
    "GPT2-medium_sparsity_90.0%": 1377.5430603027344,
    "GPT2-medium_sparsity_95.0%": 1377.5430603027344,
    "GPT2-medium_sparsity_99.0%": 1377.5430603027344,
    "BART-large_sparsity_0%": 1549.87890625,
    "BART-large_sparsity_10.0%": 1549.87890625,
    "BART-large_sparsity_50.0%": 1549.87890625,
    "BART-large_sparsity_90.0%": 1549.87890625,
    "BART-large_sparsity_95.0%": 1549.87890625,
    "BART-large_sparsity_99.0%": 1549.87890625,
    "BERT-large_sparsity_0%": 1272.51171875,
    "BERT-large_sparsity_10.0%": 1272.51171875,
    "BERT-large_sparsity_50.0%": 1272.51171875,
    "BERT-large_sparsity_90.0%": 1272.51171875,
    "BERT-large_sparsity_95.0%": 1272.51171875,
    "BERT-large_sparsity_99.0%": 1272.51171875
}